{"smoothed_map": {"6th of October City": 16.60726479535482, "Ain Sokhna": 16.021807102033033, "Al Alamein": 16.194777903275483, "Al Dabaa": 16.666405825486244, "Alexandria": 16.650800713569843, "Central Cairo": 16.507424064173023, "El Choueifat": 16.661012555836383, "El Gouna": 16.796439070648514, "El Lotus": 16.54675937571657, "El Sheikh Zayed": 16.541435587853446, "El Shorouk": 16.550621186305666, "Ghazala Bay": 16.83175325568028, "Golden Square": 16.998376474723816, "Heliopolis": 16.29445993245938, "Hurghada": 16.594464850121774, "Maadi": 16.230904768869184, "Madinaty": 16.323770169432006, "Makadi": 16.368062932662884, "Mokattam": 17.044813422988174, "Mostakbal City": 16.200298695702465, "New Cairo": 16.44118519467539, "New Capital City": 15.989493970393958, "New Capital Gardens": 16.094016090953147, "New Heliopolis": 16.50319820642774, "New Sphinx": 16.60565461523908, "New Zayed": 16.60930786363548, "North Coast-Sahel": 16.398133039113112, "North Investors": 16.686362028738774, "Northern Expansion": 16.185096660473032, "October Gardens": 16.116793689989173, "Old Cairo": 16.290814001158083, "Port Said": 16.43810995009126, "Ras El Hekma": 16.539383626109544, "Ras Sudr": 15.859700236984228, "Sahl Hasheesh": 16.459791780221373, "Sidi Abdel Rahman": 16.70952402799055, "Sidi Heneish": 16.99081869239415, "Somabay": 16.985135948031747, "South Investors": 16.524897919524637, "South New Cairo": 16.593577963578753}, "lt_map": {"6th of October City_Apartment": 16.235559771997952, "6th of October City_Duplex": 16.60330666435987, "6th of October City_Family House": 16.460393808814505, "6th of October City_Loft": 16.544008362965492, "6th of October City_Medical": 16.358621723444926, "6th of October City_Office": 16.330605415681166, "6th of October City_Penthouse": 16.41671462346755, "6th of October City_Retail": 16.411592972766332, "6th of October City_Studio": 15.989765647968355, "6th of October City_Townhouse": 16.844406066868604, "6th of October City_Twinhouse": 16.964634876537097, "6th of October City_Villa": 17.231573431525327, "Ain Sokhna_Apartment": 16.327759894081574, "Ain Sokhna_Cabin": 16.281612363546177, "Ain Sokhna_Chalet": 15.793417129169992, "Ain Sokhna_Duplex": 16.16969791507366, "Ain Sokhna_Loft": 16.353724645528562, "Ain Sokhna_Penthouse": 16.351892340050725, "Ain Sokhna_Studio": 15.731122389651608, "Ain Sokhna_Townhouse": 16.57305573650537, "Ain Sokhna_Twinhouse": 16.566244799213408, "Ain Sokhna_Villa": 16.77448516890715, "Al Alamein_Apartment": 16.182467952331574, "Al Alamein_Chalet": 15.918450063216802, "Al Alamein_Duplex": 16.520726984893688, "Al Alamein_Penthouse": 16.330575791900195, "Al Alamein_Studio": 16.03165346433799, "Al Alamein_Townhouse": 16.64193300631294, "Al Alamein_Twinhouse": 16.46964449692071, "Al Alamein_Villa": 17.20255992685396, "Al Dabaa_Apartment": 16.553924538513034, "Al Dabaa_Cabin": 16.389332141762207, "Al Dabaa_Chalet": 16.52812630608756, "Al Dabaa_Duplex": 16.50772322603272, "Al Dabaa_Penthouse": 16.702757211606002, "Al Dabaa_Studio": 16.32954875434637, "Al Dabaa_Townhouse": 16.69350261356098, "Al Dabaa_Twinhouse": 17.184346634501498, "Al Dabaa_Villa": 17.017403582185448, "Alexandria_Apartment": 16.376248399578028, "Alexandria_Duplex": 16.408526097448796, "Alexandria_Townhouse": 16.59296674826125, "Alexandria_Twinhouse": 16.460393808814505, "Alexandria_Villa": 16.92818095889982, "Central Cairo_Apartment": 16.44646437381629, "Central Cairo_Villa": 16.52536229641262, "El Choueifat_Apartment": 16.466085911958366, "El Choueifat_Chalet": 16.538283389415284, "El Choueifat_Duplex": 16.56265514898406, "El Choueifat_Medical": 16.53628450636111, "El Gouna_Apartment": 16.717209945693618, "El Gouna_Chalet": 16.40866885125163, "El Gouna_Duplex": 16.501877764215564, "El Gouna_Townhouse": 16.47021873763956, "El Gouna_Twinhouse": 16.501123327616913, "El Gouna_Villa": 16.565141236953732, "El Lotus_Apartment": 16.539881037526293, "El Lotus_Duplex": 16.60179792346323, "El Lotus_Medical": 16.375096575090865, "El Lotus_Office": 16.455835557436036, "El Lotus_Studio": 16.301375658970183, "El Sheikh Zayed_Apartment": 16.325551501934147, "El Sheikh Zayed_Duplex": 16.663513522947447, "El Sheikh Zayed_Family House": 16.42146285957936, "El Sheikh Zayed_Loft": 16.49574630206357, "El Sheikh Zayed_Medical": 16.265548225707672, "El Sheikh Zayed_Office": 16.361631723479412, "El Sheikh Zayed_Penthouse": 16.710056157558228, "El Sheikh Zayed_Studio": 15.904926731508233, "El Sheikh Zayed_Townhouse": 16.72074123757893, "El Sheikh Zayed_Twinhouse": 16.87696095026195, "El Sheikh Zayed_Villa": 17.359895838292026, "El Shorouk_Apartment": 16.081657130302066, "El Shorouk_Duplex": 16.36318369658181, "El Shorouk_Penthouse": 16.35604521708934, "El Shorouk_Studio": 16.29103668304143, "El Shorouk_Townhouse": 16.574662490301453, "El Shorouk_Twinhouse": 16.88182556788862, "El Shorouk_Villa": 16.932430515662038, "Ghazala Bay_Apartment": 16.362199139762502, "Ghazala Bay_Cabin": 16.384674802776928, "Ghazala Bay_Chalet": 16.574390588813813, "Ghazala Bay_Duplex": 16.5072612958465, "Ghazala Bay_Townhouse": 16.58369622696187, "Ghazala Bay_Twinhouse": 16.722931707481813, "Ghazala Bay_Villa": 16.874575885520244, "Golden Square_Apartment": 16.59630859694906, "Golden Square_Duplex": 16.509127436285727, "Golden Square_Penthouse": 16.854797720434753, "Golden Square_Studio": 16.30581112735788, "Golden Square_Townhouse": 16.51572063975691, "Golden Square_Twinhouse": 16.731821962349485, "Golden Square_Villa": 17.363455173946225, "Heliopolis_Apartment": 16.388267996355847, "Heliopolis_Studio": 16.203183103165056, "Hurghada_Apartment": 16.555333742804685, "Hurghada_Chalet": 16.490740679432587, "Hurghada_Duplex": 16.44302515175911, "Hurghada_Loft": 16.459440208249728, "Hurghada_Penthouse": 16.445648350582847, "Hurghada_Studio": 16.326188023550785, "Hurghada_Villa": 16.519366117654336, "Maadi_Apartment": 16.22065489626954, "Maadi_Duplex": 16.410770880240996, "Madinaty_Apartment": 15.99996117104041, "Madinaty_Medical": 16.470995296108764, "Madinaty_Retail": 16.60445425107457, "Madinaty_Studio": 16.174321605207584, "Madinaty_Townhouse": 16.672589585211217, "Madinaty_Twinhouse": 16.757600390945633, "Madinaty_Villa": 17.379449000155258, "Makadi_Apartment": 16.222656520223556, "Makadi_Chalet": 16.051973056371654, "Makadi_Duplex": 16.392155858706076, "Makadi_Penthouse": 16.37552960736112, "Makadi_Townhouse": 16.529832189002022, "Makadi_Twinhouse": 16.507762989653507, "Makadi_Villa": 16.755945224287384, "Mokattam_Apartment": 16.61166888842728, "Mokattam_Duplex": 16.471539474003198, "Mokattam_Townhouse": 16.52447465789032, "Mokattam_Twinhouse": 16.760639435102796, "Mokattam_Villa": 17.13390014479011, "Mostakbal City_Apartment": 15.915099092064198, "Mostakbal City_Chalet": 16.32242151799681, "Mostakbal City_Duplex": 16.48044703132217, "Mostakbal City_Loft": 16.333962989324714, "Mostakbal City_Medical": 16.34703831297288, "Mostakbal City_Penthouse": 16.343454298880335, "Mostakbal City_Studio": 16.01183950805323, "Mostakbal City_Townhouse": 16.672619320954183, "Mostakbal City_Twinhouse": 16.749372341730677, "Mostakbal City_Villa": 17.12180181327503, "New Cairo_Apartment": 16.16675486498349, "New Cairo_Chalet": 16.446503871703662, "New Cairo_Duplex": 16.543240779010084, "New Cairo_Family House": 16.571676579546583, "New Cairo_Loft": 16.6261515381211, "New Cairo_Medical": 16.297248995411337, "New Cairo_Office": 16.25177941490459, "New Cairo_Penthouse": 16.52013750629668, "New Cairo_Retail": 16.632864675194988, "New Cairo_Studio": 15.575190536794146, "New Cairo_Townhouse": 16.857966420410662, "New Cairo_Twinhouse": 17.19030273307293, "New Cairo_Villa": 17.412560422962258, "New Capital City_Apartment": 15.81826912214399, "New Capital City_Duplex": 16.42991182717198, "New Capital City_Loft": 16.06825257450858, "New Capital City_Medical": 16.299074040645273, "New Capital City_Office": 15.982438582333506, "New Capital City_Penthouse": 16.37192135890601, "New Capital City_Retail": 16.356475030229902,